Alias,Address,City,State,Zip,Lat,Lng,Time,Time_window_start,Time_window_end
ToDelete - WAT4171 ~ Waters Edge Camp & Conference Center ~ REPID0400,4171 Woodland Dr,Howell,MI,48855,42.69349,-83.99937,30,8:00,17:00
ToDelete – WMW-1CAFE217-L ~ CAFE 217 - LENA ~ REPID0400,6689 N LAKE ROAD,LENA,IL,61048,42.39655,-89.82864,30,8:00,17:00
ToDelete – MIC1301 ~ Michael Book Country Club ~ REPID0400,1301 NW Michael Book Lane,McMinnville,OR,97128,45.22003937,-123.2138596,30,8:00,17:00
ToDelete – HAM1801 ~ Hampton Inn - Snyder ~ REPID11,1801 E Roby Hwy,Snyder,TX,79549,32.70280075,-100.8796234,30,8:00,17:00
ToDelete – MIC9416NME97L9 ~ Microtel Inn & Suites - Sweetwater ~ REPID11,9416 N Interstate 40,Sweetwater,TX,79556,32.42708588,-100.5857315,30,8:00,17:00
ToDelete – LAQ1314PSDGSOB ~ La Quinta Inn #6651 ~ REPID11,1314 West I-20,Monahans,TX,79756,31.5979023,-102.8811951,30,8:00,17:00
ToDelete – COM201G3VUGOP ~ Comfort Inn & Suites - Clovis ~ REPID11,201 Schepps Blvd,Clovis,NM,88101,34.39684296,-103.1677246,30,8:00,17:00
ToDelete – AME30232QLBK54 ~ America's Best Value Inn - Odessa ~ REPID11,3023 E Business 20,Odessa,TX,79761,31.87031937,-102.3201599,30,8:00,17:00
ToDelete – ALP24018UQQCSF ~ Alpine Classic Inn/Quality Inn ~ REPID11,2401 E Hwy 90,Alpine,TX,79830,30.23252869,-93.11408997,30,8:00,17:00
ToDelete – COM3101KUJLZ5G ~ Comfort Suites - Fort Stockton ~ REPID11,3101 W Dickinson Blvd,Fort Stockton,TX,79735,30.89366722,-102.9139328,30,8:00,17:00
ToDelete - AME30232QLBK54 ~ America's Best Value Inn - Odessa ~ REPID11,3023 E Business 20,Odessa,TX,79761,31.87031937,-102.3201599,30,8:00,17:00
ToDelete - ALP24018UQQCSF ~ Alpine Classic Inn/Quality Inn ~ REPID11,2401 E Hwy 90,Alpine,TX,79830,30.23252869,-93.11408997,30,8:00,17:00
ToDelete - COM3101KUJLZ5G ~ Comfort Suites - Fort Stockton ~ REPID11,3101 W Dickinson Blvd,Fort Stockton,TX,79735,30.89366722,-102.9139328,30,8:00,17:00
ToDelete - HOM6004WHDZVBJ ~ Home2 Suites - Lubbock ~ REPID11,6004 Marsha Sharp Frwy,Lubbock,TX,79407,33.54179001,-101.958847,30,8:00,17:00
ToDelete - HOM2569YS9EQ70 ~ Home2 Suites - San Angelo ~ REPID11,2569 Southwest Blvd,San Angelo,TX,76901,31.43992424,-100.4969177,30,8:00,17:00
ToDelete - SPR57167ZYVWWM ~ Springhill Suites ~ REPID11,5716 Deauville Blvd,Midland,TX,79706,31.99302101,-102.1596832,30,8:00,17:00
ToDelete - MCM4250VOY7W7X ~ MCM Elegant Abilene ~ REPID11,4250 Ridgemont Rd,Abilene,TX,79606,32.39940262,-99.76525116,30,8:00,17:00
ToDelete - SUP30928MJGFJG ~ Super 8 Midland ~ REPID11,309 E. I-20,Midland,TX,79701,31.97503281,-102.0671387,30,8:00,17:00
ToDelete - 333333GDB9WMO ~ 333 Restaurant & Saloon ~ REPID11,333 Rio Concho Dr,San Angelo,TX,76903,31.46162415,-100.4295349,30,8:00,17:00
ToDelete - LEE1101H7IUBUF ~ Lee's Cafe ~ REPID11,1101 Main Ave J,Lubbock,TX,79401,33.58522415,-101.8470078,30,8:00,17:00
ToDelete - WAG1016X3C8BFC ~ Wagon Wheel Bar B Que ~ REPID11,10161 W University  Blvd,Odessa,TX,79764,31.84128952,-102.4950027,30,8:00,17:00
ToDelete - HAW5708PNEPWMH ~ Hawthorn Suites - Midland ~ REPID11,5708 Starboard Dr,Midland,TX,79706,31.96045685,-102.1472931,30,8:00,17:00
ToDelete - SUP2912DSY1D15 ~ Super 8 - Clovis ~ REPID11,2912 Mabry Dr,Clovis,NM,88101,34.39587021,-103.1711731,30,8:00,17:00
ToDelete - THE8013RW7SDH ~ The Republic Hotel ~ REPID11,801 East Second Street,Big Lake,TX,76932,31.19141769,-101.4571457,30,8:00,17:00
ToDelete - LUB7006-5SJUDW9 ~ Lubbock Breakfast House University ~ REPID11,2422 19th St,Lubbock,Texas,79401,33.57824326,-101.869812,30,8:00,17:00
ToDelete - HIL1301 ~ Hilton Garden Inn - Midland ~ REPID11,1301 N Loop 250 W,Midland,TX,79706-5720,31.99317,-102.15366,30,8:00,17:00
ToDelete - BAY3510 ~ Baymont Inn & Suites - Hobbs ~ REPID11,3510 N Central Dr,Hobbs,NM,88240-1157,32.73857,-103.14936,30,8:00,17:00
ToDelete - INN2021 ~ Inn of the Concho's ~ REPID11,2021 N Bryant Blvd,San Angelo,TX,76903-3745,31.47853,-100.45541,30,8:00,17:00
ToDelete - FAI1350 ~ Fairfield Inn ~ REPID11,1350 W Joe Harvey Blvd,Hobbs,NM,88240-0804,32.74091,-103.15302,30,8:00,17:00
ToDelete - TRA2207 ~ Travelodge - Pecos ~ REPID11,2207 W 3rd St,Pecos,TX,79772-2648,31.41853,-103.51733,30,8:00,17:00
ToDelete - PLA4108 ~ Plaza Inn ~ REPID11,4108 North Big Spring St,Midland,TX,79705,32.03884,-102.08533,30,8:00,17:00
ToDelete - MIC200 ~ Microtel Inn & Suites ~ REPID11,200 W. Longview Rd,Midland,TX,79701,31.97573,-102.07136,30,8:00,17:00
ToDelete - COM2600 ~ Comfort Suites - Carlsbad ~ REPID11,2600 West Pierce,Carlsbad,NM,88220,32.4438,-104.26076,30,8:00,17:00
ToDelete - BES4600 ~ Best Western Sante Fe ~ REPID11,4600 I-40 East,Amarillo,TX,79103,35.19185,-101.78158,30,8:00,17:00
ToDelete - LOS2103 ~ Los Cerritos Mexican Kitchen ~ REPID11,2103 N Main St,Roswell,NM,88201,33.41836,-104.52272,30,8:00,17:00
ToDelete - HOM7221 ~ Homewood Suites - Odessa ~ REPID11,7221 Tres Hermans Blvd,Odessa,TX,79765,31.90967,-102.29653,30,8:00,17:00
ToDelete - LAQ4020 ~ La Quinta - Carlsbad ~ REPID11,4020 National Parks Hwy,Carlsbad,NM,88220,32.37145,-104.23174,30,8:00,17:00
ToDelete - QUA300 ~ Quality Inn - Big Springs ~ REPID11,300 Tulane,Big Springs,TX,79720,32.25972,-101.45116,30,8:00,17:00
ToDelete - TTU9 ~ TTU- The Fresh Plate at Bledsoe/Gordon ~ REPID11,9th and Akron,Lubbock,TX,79409,33.58864,-101.88204,30,8:00,17:00
ToDelete - TTU17 ~ TTU-Smart Choices at Horn/Knapp ~ REPID11,17th and Akron,Lubbock,TX,79409,33.58864,-101.88204,30,8:00,17:00
ToDelete - TTU18 ~ TTU -Hulen Clement Dining ~ REPID11,3003 18th (18th and Flint),Lubbock,TX,79409,33.58864,-101.88204,30,8:00,17:00
ToDelete - SLI5508 ~ Slim Chickens - Lubbock ~ REPID11,5508 4th St,Lubbock,TX,79416,33.59275,-101.93285,30,8:00,17:00
ToDelete - LAB205 ~ La Bonita ~ REPID11,205 S. Frontage Rd,Pecos,TX,79772,31.39627,-103.50562,30,8:00,17:00
ToDelete - BES2115 ~ Best Western Plus ~ REPID11,2115 I-10 West,Fort Stockton,TX,79735,30.89396,-102.90192,30,8:00,17:00
ToDelete - RIV800 ~ Riverview ~ REPID11,800 W. Ave. D,San Angelo,TX,76901,31.4545,-100.44603,30,8:00,17:00
ToDelete - FAI2525S ~ Fairfield Inn & Suites-Carlsbad ~ REPID11,2525 S Canal St,Carlsbad,NM,88220-6521,32.39191,-104.22091,30,8:00,17:00
ToDelete - HOL3620 ~ Holiday Inn - Roswell ~ REPID11,3620 N Main St,Roswell,NM,88201-9802,33.44285,-104.52328,30,8:00,17:00
ToDelete - BES7001 ~ Best Western Plus - Odessa ~ REPID11,7001 Tres Hermanas Blvd,Odessa,TX,79765-8659,31.90457,-102.30082,30,8:00,17:00
ToDelete - HOL8231 ~ Holiday Inn West Medical ~ REPID11,8231 W Amarillo Blvd,Amarillo,TX,79124-2106,35.18963,-101.93058,30,8:00,17:00
ToDelete - AMB3100 ~ Wyndham Garden ~ REPID11,3100 I 40 W,Amarillo,TX,79102,35.19576,-101.87084,30,8:00,17:00
ToDelete - TOW180 ~ Towne Place Suites ~ REPID11,180 E 19th St,Roswell,NM,88201,33.41552734,-104.5204697,30,8:00,17:00
ToDelete - COB3394 ~ Cobblestone Hotel and Suites ~ REPID11,3394 I H 20,Stanton,TX,79782,32.11654,-101.82482,30,8:00,17:00
ToDelete - LAQ500 ~ La Quinta Inn -Sweetwater ~ REPID11,500 NW Georgia Ave,Sweetwater,TX,79556-7849,32.44894,-100.40652,30,8:00,17:00
ToDelete - BAY1700 ~ Baymont Inn & Suites Amarillo ~ REPID11,1700 I-40 East,Amarillo,TX,79103,35.19114,-101.81928,30,8:00,17:00
ToDelete - LAQ101S ~ La Quinta Inn & Suites-Pecos ~ REPID11,101 S Frontage Rd I 20 West,Pecos,TX,79772,31.39467,-103.50117,30,8:00,17:00
ToDelete - LAQ801 ~ La Quinta -Dalhart ~ REPID11,801 Liberal St,Dalhart,TX,79022-2918,36.06946,-102.51473,30,8:00,17:00
ToDelete - HOW5108 ~ Howard Johnson-Lubbock ~ REPID11,5108 Interstate 27,Lubbock,TX,79404-4400,33.54754,-101.84623,30,8:00,17:00
ToDelete - COM4450 ~ Comfort Suites-San Angelo ~ REPID11,4450 W Houston Harte Expy,San Angelo,TX,76901-5000,31.44211,-100.50005,30,8:00,17:00
ToDelete - QUA3610N ~ Quality Inn & Suites-Hobbs ~ REPID11,3610 N Lovington Hwy,Hobbs,NM,88240-1022,32.73979,-103.15951,30,8:00,17:00
ToDelete - WHI840HW ~ Emerald Inn Expo ~ REPID11,840 Hwy 80 East,Abilene,TX,79601,32.44939,-99.70931,30,8:00,17:00
ToDelete - HOL3201S ~ Clarion ~ REPID11,3201 S Loop 289,Lubbock,TX,79423-1320,33.52801,-101.88282,30,8:00,17:00
ToDelete - EGG7270 ~ The Egg & I - Odessa ~ REPID11,7270 E Highway 191 Ste 125,Odessa,TX,79765-8656,31.91113,-102.29736,30,8:00,17:00
ToDelete - HAM6801I ~ Hampton Inn & Suites Amarillo West ~ REPID11,6901 I-40 West,Amarillo,TX,79106,35.18517,-101.91605,30,8:00,17:00
ToDelete - RES7261 ~ Residence Inn -Odessa ~ REPID11,7261 Tres Hermanas Blvd,Odessa,TX,79765-8647,31.90998,-102.29704,30,8:00,17:00
ToDelete - FRE902 ~ Frenship High School- Aramark ~ REPID11,9020 Dowden Rd,Wolfforth,TX,79382,33.49469,-102.00903,30,8:00,17:00
ToDelete - AME3610 ~ Americas Best Value Inn ~ REPID11,3610 N Main St,Roswell,NM,88201-9802,33.4423,-104.52395,30,8:00,17:00
ToDelete - COM2300S ~ Comfort Inn and Suites ~ REPID11,2300 Soncy Road,Amarillo,TX,79124,35.18747,-101.93752,30,8:00,17:00
ToDelete - HAW5750 ~ Hawthorn Suites ~ REPID11,5750 Sherwood Way,San Angelo,TX,76901-5642,31.42655,-100.51424,30,8:00,17:00
ToDelete - AME212 ~ America's Best Value Inn - Guymon ~ REPID11,212 E Highway 54,Guymon,OK,73942-5382,36.67755,-101.48294,30,8:00,17:00
ToDelete - NOR600 ~ Quality Inn ~ REPID11,600 N Interstate 27,Plainview,TX,79072-5826,34.18555,-101.74873,30,8:00,17:00
ToDelete - POJ2880K ~ Pojos Restaurant - Odessa ~ REPID11,2880 Kermit Hwy,Odessa,TX,79764-7303,31.86661,-102.39316,30,8:00,17:00
ToDelete - HOM1401 ~ Homewood Suites ~ REPID11,1401 Tradewinds Blvd,Midland,TX,79701,31.9921,-102.15765,30,8:00,17:00
ToDelete - MIC4300 ~ Microtel Inn & Suites-Odessa ~ REPID11,4300 E 50th St,Odessa,TX,79762-4511,31.89844,-102.34124,30,8:00,17:00
ToDelete - HIL1204 ~ Hillcrest Hotel ~ REPID11,1204 Sheffield Rd.,Ozona,TX,76943,30.70781,-101.20988,30,8:00,17:00
ToDelete - BAY1418 ~ Baymont Inn & Suites ~ REPID11,1418 N Bryant Blvd,San Angelo,TX,76903-5248,31.47234,-100.45026,30,8:00,17:00
ToDelete - COM115 ~ Comfort Inn & Suites -Artesia ~ REPID11,115 N 26th St,Artesia,NM,88210-3744,32.84385,-104.42986,30,8:00,17:00
ToDelete - FAI2300F ~ Fairfield Inn & Suites ~ REPID11,2300 Faulkner Dr,Midland,TX,79705-2690,32.03944,-102.11424,30,8:00,17:00
ToDelete - ECO415 ~ Econolodge ~ REPID11,415 W Beauregard Ave,San Angelo,TX,76903-6328,31.45975,-100.4446,30,8:00,17:00
ToDelete - TEX3211 ~ Texas Tech Wiggins ~ REPID11,3211 18th St,Lubbock,TX,79409,33.58047,-101.88375,30,8:00,17:00
ToDelete - WYN3100 ~ Wyndham Garden ~ REPID11,3100 W Wall,Midland,TX,79701,31.98628,-102.10785,30,8:00,17:00
ToDelete - BES308S ~ Best Western Plus Seminole Hotel & Suitres ~ REPID11,803 S. Main St. Hwy 385,Seminole,TX,79360,32.71899,-102.64491,30,8:00,17:00
ToDelete - TOW3811 ~ Towne Place Suites -HOBTS ~ REPID11,3811 N Central Dr,Hobbs,NM,88240-1319,32.73998,-103.15033,30,8:00,17:00
ToDelete - WIN1103 ~ Wingate by Wyndham Seminole ~ REPID11,1103 Hobbs Hwy.,Seminole,TX,79360,32.72064,-102.6574,30,8:00,17:00
ToDelete - MCM801 ~ MCM Elegante Hotel & Suites ~ REPID11,801 Avenue Q,Lubbock,TX,79401-2617,33.58796,-101.85391,30,8:00,17:00
ToDelete - RES2551 ~ Residence Inn -South Lubbock ~ REPID11,2551 S Loop 289,Lubbock,TX,79423-1426,33.52853,-101.87484,30,8:00,17:00
ToDelete - LON1455 ~ Lone Star Lodge ~ REPID11,1455 E US Hwy 67,Big Lake,TX,76932,31.19124,-101.45096,30,8:00,17:00
ToDelete - MIC5204 ~ Microtel Inn & Suites ~ REPID11,5204 S Cedar St,Pecos,TX,79772-8100,31.39893,-103.48112,30,8:00,17:00
ToDelete - FRE500 ~ Frendship Middle School ~ REPID11,500 Main St,Wolfforth,TX,79382-2949,33.50646,-102.01554,30,8:00,17:00
ToDelete - TER1111 ~ Terra Vista Middle School ~ REPID11,1111 Upland Ave,Lubbock,TX,79416,33.5856,-101.97446,30,8:00,17:00
ToDelete - HER6110 ~ Heritage Middle School ~ REPID11,6110 73rd Street,Wolfforth,TX,79424,33.52741,-101.94933,30,8:00,17:00
ToDelete - COM3610 ~ Comfort Suites - Rosewell ~ REPID11,3610 N Main St,Roswell,NM,88201-9802,33.4423,-104.52395,30,8:00,17:00
ToDelete - STE4646 ~ Stella's Restaurant ~ REPID11,4646 50th Street,Lubbock,TX,79414,33.5493,-101.91332,30,8:00,17:00
ToDelete - WES2617 ~ Wesley Court ~ REPID11,2617 Antilley Road,Abilene,TX,79606,32.37019,-99.75302,30,8:00,17:00
ToDelete - OAK691 ~ Oakwood Suites ~ REPID11,601 S. Main Street,Andrews,TX,79714,32.31274,-102.54408,30,8:00,17:00
ToDelete - BES1800 ~ America's Best Value Inn - Vega ~ REPID11,1800 W Vega Blvd,Vega,TX,79092,35.24531,-102.43787,30,8:00,17:00
ToDelete - DAY1610 ~ Days Inn & Suites - Dumas ~ REPID11,1610 S Dumas Ave,Dumas,TX,79029-5530,35.84734,-101.97417,30,8:00,17:00
ToDelete - LAQ4521 ~ La Quinta Inn & Suites - Clovis ~ REPID11,4521 N Prince St,Clovis,NM,88101-9715,34.44374,-103.19556,30,8:00,17:00
ToDelete - BES506 ~ Best Western   Lamesa In & Suites ~ REPID11,506 N Dallas Ave,Lamesa,TX,79331-4613,32.73666,-101.95152,30,8:00,17:00
ToDelete - GOL4261 ~ Golden Corral - Odessa ~ REPID11,4261 John Ben Shepperd Pkwy,Odessa,TX,79762-8156,31.8967,-102.3358,30,8:00,17:00
ToDelete - HAM302 ~ Hampton Inn - Sweetwater ~ REPID11,302 SE Georgia Ave,Sweetwater,TX,79556-8248,32.45126,-100.39271,30,8:00,17:00
ToDelete - LAQ3018 ~ La Quinta - Abilene ~ REPID11,3018 Catclaw Dr,Abilene,TX,79606-1500,32.41348,-99.77869,30,8:00,17:00
ToDelete - GOL5117 ~ Golden Corral - Lubbock ~ REPID11,5117 South Loop,Lubbock,TX,79424,33.60966,-101.8581,30,8:00,17:00
ToDelete - HAM5614 ~ Hampton Inn & Suites - Lubbock ~ REPID11,5614 Englewood Ave,Lubbock,TX,79424-1135,33.54319,-101.93806,30,8:00,17:00
ToDelete - HAM2212 ~ Hampton Inn - Clovis ~ REPID11,2212 Mabry Dr,Clovis,NM,88101-8306,34.39669,-103.17751,30,8:00,17:00
ToDelete - SLE250 ~ Sleep Inn & Suites - Abilene ~ REPID11,250 Killough Ct,Abilene,TX,79601,32.48914,-99.72492,30,8:00,17:00
ToDelete - SUP2900 ~ Super 8 - Big Springs ~ REPID11,2900 I-20,Big Spring,TX,79720,32.25985,-101.44997,30,8:00,17:00
ToDelete - SUP410 ~ Super 8 - San Angelo ~ REPID11,410 West Ave,San Angelo,TX,76903,31.44282,-100.44078,30,8:00,17:00
ToDelete - HAM2271 ~ Hampton Inn ~ REPID11,2271 West I-10,Fort Stockton,TX,79735,30.90227,-102.90434,30,8:00,17:00
ToDelete - EGG1910 ~ The Egg & I - Lubbock ~ REPID11,1910 Quaker Ave,Lubbock,TX,79407-2400,33.57737,-101.90568,30,8:00,17:00
ToDelete - SUP1425 ~ Super 8 -Clayton ~ REPID11,1425 S First St,Clayton,NM,88415,36.43802,-103.17609,30,8:00,17:00
ToDelete - RED6624 ~ Red Roof Inn #707 - Lubbock ~ REPID11,6624 Interstate 27,Lubbock,TX,79404-5702,33.53224,-101.84575,30,8:00,17:00
ToDelete - QUA5706 ~ Quality Inn - Lubbock ~ REPID11,5706 Interstate 27,Lubbock,TX,79404-5107,33.54202,-101.84616,30,8:00,17:00
ToDelete - SLE2401 ~ Sleep Inn - Amarillo ~ REPID11,2401 I-40 Exit 72A,Amarillo,TX,79104,35.20119,-101.79227,30,8:00,17:00
ToDelete - HAM3526 ~ Hampton Inn - Abilene ~ REPID11,3526 W Lake Rd,Abilene,TX,79601-1730,32.49247,-99.72366,30,8:00,17:00
ToDelete - HAM3917 ~ Hampton Inn - Abilene ~ REPID11,3917 Ridgemont Dr,Abilene,TX,79606-2731,32.40405,-99.76534,30,8:00,17:00
ToDelete - CIS606 ~ Cisco Junior College ~ REPID11,606 Joe Greene Cir,Cisco,TX,76437,32.38819,-98.97923,30,8:00,17:00
ToDelete - LAQ1912 ~ La Quinta Inn & Suites - Dumas ~ REPID11,1912 S Dumas Ave,Dumas,TX,79029-6003,35.84198,-101.9755,30,8:00,17:00
ToDelete - COM800W ~ Comfort Inn - Stanton ~ REPID11,800 W I-20,Stanton,TX,79782,32.13768,-101.80316,30,8:00,17:00
ToDelete - BAY1000 ~ Baymont Inn & Suites - Midland ~ REPID11,10000 Airport Plaza Inn,Midland,TX,79706,31.99734,-102.07791,30,8:00,17:00
ToDelete - DAY1005S ~ Days Inn - Vega ~ REPID11,1005 S Main St,Vega,TX,79092-0690,35.23947,-102.42845,30,8:00,17:00
ToDelete - BES1011 ~ Best Western   Post Inn ~ REPID11,1011 N Broadway St,Post,TX,79356-2349,33.20147,-101.38609,30,8:00,17:00
ToDelete - QUA1758 ~ Quality Inn - Abilene ~ REPID11,1758 E I -20,Abilene,TX,79601,32.47586,-99.69578,30,8:00,17:00
ToDelete - COM204 ~ Comfort Inn - Early ~ REPID11,204 Early Blvd,Early,TX,76802-2121,31.73505,-98.96624,30,8:00,17:00
ToDelete - COM501 ~ Comfort Inn - Guymon ~ REPID11,501 5th St Hwy 54,Guymon,OK,73942,36.6828,-101.48155,30,8:00,17:00
ToDelete - DEN120 ~ Denny's - Abilene ~ REPID11,120 E I-20,Abilene,TX,79601,32.47059,-99.7145,30,8:00,17:00
ToDelete - DEN1710 ~ Denny's #6027 - Big Spring ~ REPID11,1710 E 3rd St,Big Spring,TX,79720-3442,32.26003,-101.45419,30,8:00,17:00
ToDelete - DEN427 ~ Denny's #6013 - San Angelo ~ REPID11,427 W Avenue I,San Angelo,TX,76903-7324,31.44822,-100.4416,30,8:00,17:00
ToDelete - FAI1459 ~ Fairfield Inn - San Angelo ~ REPID11,1459 Knickerbocker Rd,San Angelo,TX,76904-5515,31.4324,-100.45311,30,8:00,17:00
ToDelete - FAI34 ~ Fairway Oak's Club ~ REPID11,34 Fairway Oaks Blvd,Abilene,TX,79606-5129,32.37595,-99.7608,30,8:00,17:00
ToDelete - HIL4449 ~ Hilton Garden Inn - Abilene ~ REPID11,4449 Ridgemont Dr,Abilene,TX,79606-8703,32.3962,-99.76411,30,8:00,17:00
ToDelete - LAQ10150 ~ La Quinta Inn & Suites - Eastland ~ REPID11,10150 I-20,Eastland,TX,76448,32.40054,-98.79197,30,8:00,17:00
ToDelete - LAQ2307 ~ La Quinta Inn #672- San Angelo ~ REPID11,2307 Loop 306,San Angelo,TX,76904-7625,31.41564,-100.47575,30,8:00,17:00
ToDelete - LAQ3501 ~ La Quinta Inn & Suites #544 -  Abilene ~ REPID11,3501 W Lake Rd,Abilene,TX,79601-1731,32.4915,-99.72268,30,8:00,17:00
ToDelete - CAN910 ~ Canyon Junior High School ~ REPID11,910 9th Ave,Canyon,TX,79015-4340,34.97384,-101.93547,30,8:00,17:00
ToDelete - CAN1701H ~ Canyon High School ~ REPID11,1701 23rd St,Canyon,TX,79015-5316,34.96579,-101.91583,30,8:00,17:00
ToDelete - WES7200 ~ Westover Park Junior High ~ REPID11,7200 Pinnacle,Amarillo,TX,79119,35.1241,-101.91822,30,8:00,17:00
ToDelete - SUP501 ~ Super 8-Lubbock ~ REPID11,501 Avenue Q,Lubbock,TX,79401-2611,33.591,-101.85456,30,8:00,17:00
ToDelete - RES1641 ~ Residence Inn By Marriott - Abilene ~ REPID11,1641 E Musgrave Blvd,Abilene,TX,79601-2140,32.47384,-99.69061,30,8:00,17:00
ToDelete - PLA700 ~ Plaza Inn - Big Spring ~ REPID11,700 W I-20,Big Spring,TX,79720,32.2634,-101.49315,30,8:00,17:00
ToDelete - ROD2502 ~ Rodeway Inn - San Angelo ~ REPID11,2502 Loop 306,San Angelo,TX,76904-7633,31.41827,-100.47552,30,8:00,17:00
ToDelete - STA1355 ~ Staybridge Suites - San Angelo ~ REPID11,1355 Knickerbocker,San Angelo,TX,76904,31.43331,-100.45168,30,8:00,17:00
ToDelete - SUP3900 ~ Super 8 Motel - Eastland ~ REPID11,3900 I-20 East,Eastland,TX,76448,32.40385,-98.78667,30,8:00,17:00
ToDelete - TOW818 ~ Town Crier Restaurant ~ REPID11,818 US Highway 80 E,Abilene,TX,79601-6114,32.47946,-99.6965,30,8:00,17:00
ToDelete - UNIMCGLOTHIN ~ Abilene Christian University - McGlothin ~ REPID11,216 McGothin Campus Center,Abilene,TX,79699,32.46828,-99.70794,30,8:00,17:00
ToDelete - WHI1625 ~ Whitten Inn - Abilene ~ REPID11,1625 Hwy 351,Abilene,TX,79601,32.4777,-99.69736,30,8:00,17:00
ToDelete - WIN3010 ~ Wingate-Abilene ~ REPID11,3010 Catclaw Dr,Abilene,TX,79606,32.41391,-99.77888,30,8:00,17:00
ToDelete - ABI4039 ~ Abilene Country Club ~ REPID11,4039 S Treadaway Blvd,Abilene,TX,79602-6940,32.40358,-99.73885,30,8:00,17:00
ToDelete - BEN2111 ~ Bentwood Country Club ~ REPID11,2111 Club House Ln,San Angelo,TX,76904-8015,31.39737,-100.47678,30,8:00,17:00
ToDelete - BES1505 ~ Best Western   Comanche Inn ~ REPID11,1505 E Central Ave,Comanche,TX,76442-2850,31.89879,-98.58451,30,8:00,17:00
ToDelete - BES1601 ~ Best Value Inn - San Angelo ~ REPID11,1601 Bryant Blvd,San Angelo,TX,76903,31.44744,-100.44217,30,8:00,17:00
ToDelete - BES350 ~ Best Western Abilene Inn & Suites ~ REPID11,350 I-20 W,Abilene,TX,79601,32.47263,-99.72664,30,8:00,17:00
ToDelete - BES1102 ~ Best Western   Plus Guymon Hotel & Suites ~ REPID11,1102 NE 6th St,Guymon,OK,73942-4561,36.68408,-101.46883,30,8:00,17:00
ToDelete - BUD2001 ~ Budget Host Inn - Eastland ~ REPID11,2001 I-20,Eastland,TX,76448,32.39924,-98.78886,30,8:00,17:00
ToDelete - DAY1408 ~ Days Inn - Fort Stockton ~ REPID11,1408 N US Highway 285,Fort Stockton,TX,79735-4410,30.89856,-102.90468,30,8:00,17:00
ToDelete - DAY701L ~ Days Inn - Dalhart ~ REPID11,701 Liberal St,Dalhart,TX,79022-2531,36.06815,-102.51591,30,8:00,17:00
ToDelete - DEN3701 ~ Denny's #6016 - Midland ~ REPID11,3701 W Wall St,Midland,TX,79703-7709,31.9792,-102.11239,30,8:00,17:00
ToDelete - DAY620N ~ Days Inn - Guymon ~ REPID11,620 E Highway 54,Guymon,OK,73942-4540,36.68467,-101.47002,30,8:00,17:00
ToDelete - DEN810 ~ Denny's #6236- Carlsbad ~ REPID11,810 W Pierce St,Carlsbad,NM,88220-5200,32.43605,-104.23634,30,8:00,17:00
ToDelete - KRI2417 ~ Kripple Creek ~ REPID11,2417 N Prince St,Clovis,NM,88101-4439,34.42273,-103.19603,30,8:00,17:00
ToDelete - DEN2116 ~ Denny's #6673 - Amarillo ~ REPID11,2116 S Georgia St,Amarillo,TX,79109-1833,35.1908,-101.86653,30,8:00,17:00
ToDelete - DEN1710E ~ Denny's #6674 - Amarillo ~ REPID11,1710 I-40 E,Amarillo,TX,79103,35.1918,-101.81842,30,8:00,17:00
ToDelete - DEN607 ~ Denny's #6675 - Lubbock ~ REPID11,607 Avenue Q,Lubbock,TX,79401-2613,33.58947,-101.85482,30,8:00,17:00
ToDelete - DEN4718 ~ Denny's #6676 - Lubbock ~ REPID11,4718 Slide Rd,Lubbock,TX,79414-3404,33.54993,-101.92297,30,8:00,17:00
ToDelete - DEN105 ~ Denny's #7236 - Odessa ~ REPID11,105 W 42nd St,Odessa,TX,79764-4001,31.88175,-102.38582,30,8:00,17:00
ToDelete - LAQ4130 ~ La Quinta #455 - Midland ~ REPID11,4130 W Wall St,Midland,TX,79703-7718,31.97262,-102.12242,30,8:00,17:00
ToDelete - LAQ5001 ~ La Quinta #453 - Odessa ~ REPID11,5001 E-Hwy 80,Odessa,TX,79761,31.87385,-102.3115,30,8:00,17:00
ToDelete - LAQ1708 ~ La Quinta #454 - Amarillo ~ REPID11,1708 E Interstate 40,Amarillo,TX,79103-2114,35.19171,-101.81876,30,8:00,17:00
ToDelete - LAQ601 ~ La Quinta #521 - Lubbock ~ REPID11,601 Avenue Q,Lubbock,TX,79401-2613,33.5898,-101.85429,30,8:00,17:00
ToDelete - LAQ3312 ~ La Quinta #6068 - Hobbs ~ REPID11,3312 N Lovington Hwy,Hobbs,NM,88240-1087,32.73677,-103.15625,30,8:00,17:00
ToDelete - LAQ2108 ~ La Quinta #639 - Amarillo ~ REPID11,2108 S Coulter St,Amarillo,TX,79106-2514,35.18904,-101.92159,30,8:00,17:00
ToDelete - BES915 ~ Best Western   Palace Inn & Suites ~ REPID11,915 Lamesa Hwy,Big Spring,TX,79720-1109,32.26085,-101.48711,30,8:00,17:00
ToDelete - AME1101 ~ AmericInn Lodge & Suites ~ REPID11,1101 N Hobart St,Pampa,TX,79065-4603,35.54334,-100.97196,30,8:00,17:00
ToDelete - AME150 ~ America's Best Value Inn - Lubbock ~ REPID11,150 Slaton Rd,Lubbock,TX,79404-5202,33.53675,-101.8393,30,8:00,17:00
ToDelete - SWI141 ~ Best Western   Plus Swiss Chalet Hotel & Suites ~ REPID11,141 S Frontage Rd  I-20 W,Pecos,TX,79772,31.39551,-103.5058,30,8:00,17:00
ToDelete - SLE3401 ~ Sleep Inn - Fort Stockton ~ REPID11,3401 W Dickinson,Fort Stockton,TX,79735,30.89432,-102.9193,30,8:00,17:00
ToDelete - LAQ4115 ~ La Quinta #922 - Lubbock ~ REPID11,4115 Marsha Sharp Fwy,Lubbock,TX,79407-2416,33.57591,-101.90193,30,8:00,17:00
ToDelete - LAQ2602 ~ La Quinta - Midland ~ REPID11,2606 W Loop 250,Midland,TX,79707,32.00683,-102.15541,30,8:00,17:00
ToDelete - AME5310 ~ Arbor Inn & Suites ~ REPID11,5310 Englewood Ave,Lubbock,TX,79424-1163,33.54456,-101.93825,30,8:00,17:00
"ToDelete - AME2301 ~ Ashmore Inn & Suites II, Inc. ~ REPID11             ",2301 E Interstate 40 Exit 72A,Amarillo,TX,79104-3403,35.20119,-101.79227,30,8:00,17:00
ToDelete - AME4019 ~ Ashmore Inn & Suites - Lubbock ~ REPID11,4019 S Loop 289,Lubbock,TX,79423-1131,33.52806,-101.90085,30,8:00,17:00
ToDelete - BES5410 ~ Best Western   Lubbock Windsor Inn ~ REPID11,5410 Interstate 27,Lubbock,TX,79404-4500,33.54325,-101.84609,30,8:00,17:00
ToDelete - HAW4435 ~ Hawthorn Inn & Suites - Lubbock ~ REPID11,4435 Marsha Sharp Fwy,Lubbock,TX,79407-2519,33.57272,-101.9063,30,8:00,17:00
ToDelete - LAQ1537 ~ La Quinta Inn #928 - Fort Shockton ~ REPID11,1537 N US Highway 285,Fort Stockton,TX,79735-4401,30.89894,-102.90596,30,8:00,17:00
ToDelete - LAQ200E ~ La Quinta Inn & Suites - Roswell ~ REPID11,200 E 19th St,Roswell,NM,88201-5101,33.41548,-104.51955,30,8:00,17:00
ToDelete - LAQ5006 ~ La Quinta Inn & Suites - Lubbock ~ REPID11,5006 Auburn St,Lubbock,TX,79416-3031,33.60204,-101.91882,30,8:00,17:00
ToDelete - SLE4630 ~ Sleep Inn - Hobbs ~ REPID11,4630 N Lovington Hwy,Hobbs,NM,88240,32.75277,-103.17197,30,8:00,17:00
ToDelete - BAY2601S ~ Baymont Inn & Suites - Perryton ~ REPID11,2601 S Main St,Perryton,TX,79070-5433,36.37478,-100.80198,30,8:00,17:00
ToDelete - BAY3411 ~ Baymont Inn & Suites - Amarillo ~ REPID11,3411 I-40 W,Amarillo,TX,79109,35.19033,-101.87668,30,8:00,17:00
ToDelete - SUP1807 ~ Super 8 Motel ~ REPID11,1807 E Service Rd,Van Horn,TX,79855,31.03986,-104.83077,30,8:00,17:00
ToDelete - BES1610 ~ Quality Inn - Amarillo ~ REPID11,1610 S Coulter St,Amarillo,TX,79106-1771,35.19566,-101.92258,30,8:00,17:00
ToDelete - BES206 ~ Best Western Plus Borger Inn ~ REPID11,206 S Cedar St,Borger,TX,79007-4646,35.66395,-101.3983,30,8:00,17:00
ToDelete - BES309 ~ Best Western Executive Inn- Hobbs ~ REPID11,309 N Marland Blvd,Hobbs,NM,88240-6341,32.70358,-103.12003,30,8:00,17:00
ToDelete - BES2101 ~ Best Western   Plus Monahans Inn & Suites ~ REPID11,2101 S Betty Ave,Monahans,TX,79756-7502,31.57408,-102.89067,30,8:00,17:00
ToDelete - HIL9000W ~ Hilton Garden Inn - Amarillo ~ REPID11,9000 I-40 W,Amarillo,TX,79159,35.18803,-101.94194,30,8:00,17:00
ToDelete - SUP3817 ~ Super 8 Motel - Carlsbad ~ REPID11,3817 National Parks Hwy,Carlsbad,NM,88220-5952,32.37569,-104.22992,30,8:00,17:00
ToDelete - LUX2915 ~ Luxury Inn & Suites ~ REPID11,2915 E Interstate 40,Amarillo,TX,79104-3503,35.19446,-101.80379,30,8:00,17:00
ToDelete - MCM5200 ~ MCM Elegante Odessa ~ REPID11,5200 E University Blvd,Odessa,TX,79762-8113,31.88227,-102.31408,30,8:00,17:00
ToDelete - BES3506 ~ Best Western   Perryton Inn ~ REPID11,3505 S Main St Hwy 83,Perryton,TX,79070,36.40003,-100.80265,30,8:00,17:00
ToDelete - BES830 ~ Best Western   Red Carpet Inn ~ REPID11,830 W 1st St,Hereford,TX,79045-6002,34.81109,-102.40629,30,8:00,17:00
ToDelete - BES1701 ~ Best Western   Windsor Inn ~ REPID11,1701 S Dumas Ave,Dumas,TX,79029-5527,35.846,-101.97301,30,8:00,17:00
ToDelete - BES2801 ~ Best Western   Palo Duro Canyon Inn & Suites ~ REPID11,2801 4th Ave,Canyon,TX,79015-4227,34.98027,-101.91003,30,8:00,17:00
ToDelete - CAL2410 ~ Calico County Restaurant ~ REPID11,2410 Paramount Blvd,Amarillo,TX,79109-1706,35.18822,-101.87396,30,8:00,17:00
ToDelete - COM3595 ~ Comfort Inn - Roswell ~ REPID11,3595 N Main St,Roswell,NM,88201-9771,33.4407,-104.52249,30,8:00,17:00
ToDelete - MCM6201 ~ Mcm Grande Hotel ~ REPID11,6201 E Hwy 80,Odessa,TX,79761,31.84501,-102.36671,30,8:00,17:00
ToDelete - HOM8800 ~ Homewood Suites - Amarillo ~ REPID11,8800 I-40 W,Amarillo,TX,79124,35.18813,-101.94046,30,8:00,17:00
ToDelete - COM801S ~ Comfort Inn & Suites - Odessa ~ REPID11,801 S Jbs Pkwy,Odessa,TX,79761,31.85554,-102.31695,30,8:00,17:00
ToDelete - COM2101E ~ Comfort Inn & Suites ~ REPID11,2101 E Interstate 40,Amarillo,TX,79102-4404,35.1956,-101.86111,30,8:00,17:00
ToDelete - ODE1 ~ Odessa Country Club ~ REPID11,1 Fairway Dr,Odessa,TX,79765-8936,31.89791,-102.28192,30,8:00,17:00
ToDelete - SUP6510 ~ Super 8 Motel Dba Nivas Investments ~ REPID11,6510 I-27 So,Lubbock,TX,79404,33.53463,-101.84558,30,8:00,17:00
ToDelete - SUP2909 ~ Super 8 Motel ~ REPID11,2909 E Interstate 40 Exit 724,Amarillo,TX,79104-3503,35.20119,-101.79227,30,8:00,17:00
ToDelete - SUP8701 ~ Super 8 Motel - Amarillo ~ REPID11,8701 I-40 E Exit 75,Amarillo,TX,79118,35.222,-101.8313,30,8:00,17:00
ToDelete - SUPEAST ~ Super 8 Motel - Dalhart ~ REPID11,403 Tanglewood Rd,Dalhart,TX,79022-2911,36.06888,-102.51318,30,8:00,17:00
ToDelete - SUP3200 ~ Super 8 - Fort Stockton ~ REPID11,3200 W Dickinson Blvd,Fort Stockton,TX,79735-4124,30.89429,-102.91595,30,8:00,17:00
ToDelete - BES1401H ~ Best Western   Coleman Inn ~ REPID11,1401 Highway 84 Byp,Coleman,TX,76834-2649,32.08315,-93.50516,30,8:00,17:00
ToDelete - ROO3300 ~ Tim's Irish Pub ~ REPID11,3300 82nd St,Lubbock,TX,79423-2045,33.52031,-101.88554,30,8:00,17:00
ToDelete - UNIANGELO ~ Chartwells @ Angelo State University ~ REPID11,2201 Vanderventer Ave,San Angelo,TX,76904,31.44194,-100.45976,30,8:00,17:00
ToDelete - DYN1001 ~ Dynamic Foods ~ REPID11,1001 E 33rd St,Lubbock,TX,79404-1816,33.56477,-101.82433,30,8:00,17:00
ToDelete - QUA3430 ~ Quality Inn & Suites - Lubbock ~ REPID11,3430 W Loop 289,Lubbock,TX,79407-3745,33.56109,-101.94409,30,8:00,17:00
ToDelete - QUA3001 ~ Quality Inns & Suites - Odessa ~ REPID11,3001 E Business 20,Odessa,TX,79761-4345,31.86991,-102.32079,30,8:00,17:00
ToDelete - TOW4412 ~ TownPlace Suites - Odessa ~ REPID11,4412 Tanglewood Ln,Odessa,TX,79762-4900,31.89714,-102.34285,30,8:00,17:00
ToDelete - QUA6800W ~ Red Roof Inn & Suites ~ REPID11,6800 I-40 W,Amarillo,TX,79106,35.18884,-101.91249,30,8:00,17:00
ToDelete - QUA1515 ~ Quality Inn - Amarillo ~ REPID11,1515 E Interstate 40,Amarillo,TX,79102-4323,35.19357,-101.82086,30,8:00,17:00
ToDelete - COM2707 ~ Comfort Suites - Hobbs ~ REPID11,2708 Scenic Dr,Hobbs,NM,88240-1274,32.75249,-103.17066,30,8:00,17:00
ToDelete - COM4706 ~ Comfort Suites - Midland ~ REPID11,4706 N Garfield St,Midland,TX,79705-2656,32.04097,-102.11317,30,8:00,17:00
ToDelete - UNI5807 ~ United Supermarket #529 ~ REPID11,5807 SW 45th St,Amarillo,TX,79109,35.16076,-101.8996,30,8:00,17:00
ToDelete - RAM2800 ~ Lone Star Inn ~ REPID11,2800 W Highway 90,Alpine,TX,79830-4132,30.35849,-103.66101,30,8:00,17:00
ToDelete - UNI1701 ~ United Supermarkets ~ REPID11,1701 5Oth,Lubbock,TX,79412,33.54752,-101.85596,30,8:00,17:00
ToDelete - RES6700 ~ Residence Inn - Amarillo ~ REPID11,6700 I-40 W,Amarillo,TX,79106,35.18913,-101.91165,30,8:00,17:00
ToDelete - RES5509 ~ Residence Inn - Midland ~ REPID11,5509 Deauville,Midland,TX,79706-2900,31.99164,-102.15445,30,8:00,17:00
ToDelete - COM5113 ~ Comfort Suites - Lubbock ~ REPID11,5113 S Loop 289,Lubbock,TX,79424-1632,33.53331,-101.9192,30,8:00,17:00
ToDelete - COM3615 ~ Comfort Suites - Plainview ~ REPID11,3615 Grandview St,Plainview,TX,79072-6625,34.18478,-101.7487,30,8:00,17:00
ToDelete - COM6318 ~ Comfort Suites - Amarillo ~ REPID11,6318 Ventura Dr,Amarillo,TX,79110-4808,35.11942,-101.90594,30,8:00,17:00
ToDelete - COU5220 ~ Country Inn & Suites - Hobbs ~ REPID11,5220 N Lovington Hwy,Hobbs,NM,88240-9154,32.75886,-103.17881,30,8:00,17:00
ToDelete - DAY1120 ~ Days Inn & Suites - Clayton ~ REPID11,1120 S 1st St,Clayton,NM,88415-2102,36.44124,-103.17804,30,8:00,17:00
ToDelete - DAY1310 ~ Days Inn - Roswell ~ REPID11,1310 N Main St,Roswell,NM,88201-5014,33.40699,-104.52287,30,8:00,17:00
ToDelete - DAY3075 ~ Travelodge ~ REPID11,3075 E Business 20,Odessa,TX,79761-4345,31.87095,-102.31835,30,8:00,17:00
ToDelete - DAY600E ~ Days Inn - Van Horn ~ REPID11,600 E Broadway,Van Horn,TX,79855,31.04041,-104.82446,30,8:00,17:00
ToDelete - DAY3904 ~ Days Inn - Midland ~ REPID11,3904 W Wall St,Midland,TX,79703-7714,31.97588,-102.11745,30,8:00,17:00
ToDelete - SUP1201 ~ Super 8 - Guymon ~ REPID11,1201 E Hwy 54,Guymon,OK,73942,36.68999,-101.46484,30,8:00,17:00
ToDelete - LUB7006 ~ Lubbock Breakfast House ~ REPID11,7006 University Ave,Lubbock,TX,79413-6336,33.53029,-101.87198,30,8:00,17:00
ToDelete - DAY6025 ~ Days Inn - Lubbock ~ REPID11,6025 Avenue A,Lubbock,TX,79404-5109,33.53757,-101.84193,30,8:00,17:00
ToDelete - BAY1005 ~ Baymont Inn - Snyder ~ REPID11,1005 E US 180,Snyder,TX,79549,32.70612,-100.86687,30,8:00,17:00
ToDelete - MID6101 ~ Midland Country Club ~ REPID11,6101 N State Highway 349,Midland,TX,79705-2022,32.0641,-102.09536,30,8:00,17:00
ToDelete - SUP4005 ~ Super 8 - Plainview ~ REPID11,4005 Olton Rd,Plainview,TX,79072-5828,34.18724,-101.7515,30,8:00,17:00
ToDelete - DEN2200N ~ Denny's #6216 - Roswell ~ REPID11,2200 N Main St,Roswell,NM,88201-6451,33.41889,-104.52354,30,8:00,17:00
ToDelete - LAQ1102 ~ La Quinta - Big Spring ~ REPID11,1102 W Interstate 20,Big Spring,TX,79720-0008,32.26346,-101.49619,30,8:00,17:00
ToDelete - UNILUBBOCK ~ Lubbock Christian University - Aramark ~ REPID11,5601 19th St,Lubbock,TX,79407,33.57769,-101.93472,30,8:00,17:00
ToDelete - UNIHARDIN ~ Ara Hardin Simmons University ~ REPID11,2200 Hickory St,Abilene,TX,79601,32.47507,-99.73255,30,8:00,17:00
ToDelete - ARA1107 ~ Aramark Sul Ross University ~ REPID11,1107 E Avenue B University Ctr,Alpine,TX,79832-0001,30.36188,-103.65147,30,8:00,17:00
ToDelete - UNICOLLEGE ~ College Cafe West TX A&M ~ REPID11,23rd and 2nd Ave,Canyon,TX,79016,34.98202,-101.9193,30,8:00,17:00
ToDelete - HAM3607 ~ Hampton Inn & Suites - Roswell ~ REPID11,3607 N Main St,Roswell,NM,88201-9774,33.44176,-104.52244,30,8:00,17:00
ToDelete - GRE5317 ~ Great Western Dining NMJC ~ REPID11,5317 N Lovington Hwy,Hobbs,NM,88240-9121,32.75781,-103.18427,30,8:00,17:00
ToDelete - HAM5011 ~ Hampton Inn - Midland ~ REPID11,5011 W Loop 250 N,Midland,TX,79707-3163,32.02105,-102.15172,30,8:00,17:00
ToDelete - COU920 ~ Country Inn & Suites - Midland ~ REPID11,920 W Interstate 20,Midland,TX,79701-2001,31.97305,-102.0782,30,8:00,17:00
ToDelete - UNIRANGER ~ Ranger College ~ REPID11,1100 College,Ranger,TX,76470,32.4589,-98.6824,30,8:00,17:00
ToDelete - SLE3225 ~ Sleep Inn - Abilene ~ REPID11,3225 S Danville Dr,Abilene,TX,79605,32.41169,-99.77194,30,8:00,17:00
ToDelete - HAM805 ~ Hampton Inn - Big Spring ~ REPID11,805 W Interstate 20,Big Spring,TX,79720-0007,32.2634,-101.49315,30,8:00,17:00
ToDelete - HAM2959 ~ Hampton Inn - San Angelo ~ REPID11,2959 Loop 306,San Angelo,TX,76904-6504,31.41926,-100.48445,30,8:00,17:00
ToDelete - ECO4801 ~ EconoLodge-Lubbock ~ REPID11,4801 Avenue Q,Lubbock,TX,79412-2209,33.55013,-101.85468,30,8:00,17:00
ToDelete - COU5806 ~ Country Inn & Suites-Lubbock ~ REPID11,5806 Interstate 27,Lubbock,TX,79404-5100,33.54102,-101.84715,30,8:00,17:00
ToDelete - STA2515 ~ Staybridge Suites-Lubbock ~ REPID11,2515 19th St,Lubbock,TX,79410,33.57744,-101.87177,30,8:00,17:00
ToDelete - SUP119D ~ Super 8 -Dumus ~ REPID11,119 W 17th,Dumus,TX,79029,35.84628,-101.97423,30,8:00,17:00
ToDelete - DEN3314 ~ Denny's #8802-Abilene ~ REPID11,3314 S Clack St,Abilene,TX,79606-2207,32.41326,-99.77722,30,8:00,17:00
ToDelete - COM5828 ~ Comfort Inn & Suites-Lubbock ~ REPID11,5828 Interstate 27,Lubbock,TX,79404-5100,33.54028,-101.84624,30,8:00,17:00
ToDelete - DEN100 ~ Denny's -Pecos ~ REPID11,100 E Pinehurst St,Pecos,TX,79772-7034,29.96696,-95.19151,30,8:00,17:00
ToDelete - TOW5310 ~ Towne Place Suites - Lubbock ~ REPID11,5310 W Loop 289,Lubbock,TX,79424-1142,33.54472,-101.9369,30,8:00,17:00
ToDelete - STA701 ~ Stay Express Inn & Suites - Sweetwater ~ REPID11,701 SW Georgia,Sweetwater,TX,79556,32.44744,-100.41039,30,8:00,17:00
ToDelete - SUP1525E ~ Super 8 - Abilene ~ REPID11,1525 E Stanford St,Abilene,TX,79601,32.47538,-99.69894,30,8:00,17:00
ToDelete - QUA1308 ~ Quality Inn - Fort Stockton ~ REPID11,1308 N US Highway 285,Fort Stockton,TX,79735-4409,30.89824,-102.9037,30,8:00,17:00
ToDelete - BES131 ~ Best Western   Swiss Clock Inn ~ REPID11,131 S Frontage Rd,Pecos,TX,79772-7202,31.39609,-103.50455,30,8:00,17:00
ToDelete - ECO123 ~ EconoLodge - Dalhart ~ REPID11,123 Liberal St,Dalhart,TX,79022-2732,36.06571,-102.52176,30,8:00,17:00
ToDelete - DEN5114 ~ Denny's - Hobbs ~ REPID11,5114 N Lovington Hwy,Hobbs,NM,88240-9112,32.75811,-103.17758,30,8:00,17:00
ToDelete - COM12W ~ Comfort Suites - Amarillo ~ REPID11,12 Western Plaza Dr,Amarillo,TX,79109-1569,35.18895,-101.8801,30,8:00,17:00
ToDelete - TOW5508 ~ Towne Place Suites - Midland ~ REPID11,5508 Deauville,Midland,TX,79706-2929,31.99204,-102.15459,30,8:00,17:00
ToDelete - HOT100E ~ Hotel El Capitan - Van Horn ~ REPID11,100 E Broadway,Van Horn,TX,79855,31.03956,-104.83079,30,8:00,17:00
ToDelete - DAY2102 ~ Days Inn - Amarillo ~ REPID11,2102 S Coulter St,Amarillo,TX,79106-2514,35.18963,-101.92145,30,8:00,17:00
ToDelete - BES300NW ~ Best Western Plus Sweetwater Inn ~ REPID11,300 NW Georgia Ave,Sweetwater,TX,79556-7856,32.45089,-100.40123,30,8:00,17:00
ToDelete - SUP4397 ~ Super 8 - Abilene ~ REPID11,4397 Sayles Blvd,Abilene,TX,79605-7244,32.3976,-99.75056,30,8:00,17:00
ToDelete - FAI3902T ~ Fairfield Inn & Suites - Abilene ~ REPID11,3902 Turner Plz,Abilene,TX,79606-2752,32.40415,-99.76467,30,8:00,17:00
ToDelete - FAI1740 ~ Fairfield Inn & Suites - Amarillo ~ REPID11,1740 Airport Blvd,Amarillo,TX,79118-6978,35.19423,-101.72597,30,8:00,17:00
ToDelete - LEG2210 ~ Legacy Inn ~ REPID11,2210 W Main St,Artesia,NM,88210-3720,32.84263,-104.42484,30,8:00,17:00
ToDelete - ECO3706 ~ EconoLodge - Carlsbad ~ REPID11,3706 National Pkwy,Carlsbad,NM,88220,32.42067,-104.22884,30,8:00,17:00
ToDelete - HAM3923 ~ Hampton Inn & Suites - Odessa ~ REPID11,3923 John Ben Shepperd Pkwy,Odessa,TX,79762-8129,31.88897,-102.33334,30,8:00,17:00
ToDelete - HAM1103 ~ Hampton Inn & Suites - Brownwood ~ REPID11,1103 Riverside Dr,Brownwood,TX,76801-8246,31.72845,-98.97701,30,8:00,17:00
ToDelete - ECO1719 ~ EconoLodge - Dumas ~ REPID11,1719 S Dumas Ave,Dumas,TX,79029-5527,35.84587,-101.97338,30,8:00,17:00
ToDelete - HIL117 ~ Hilton Midland Plaza Doubletree ~ REPID11,117 W Wall St,Midland,TX,79701-5246,31.99698,-102.07524,30,8:00,17:00
ToDelete - HAM1921 ~ Hampton Inn & Suites - Van Horn ~ REPID11,1921 SW Frontage Rd,Van Horn,TX,79855,31.03438,-104.86114,30,8:00,17:00
ToDelete - HAM4003 ~ Hampton Inn - Lubbock ~ REPID11,4003 S Loop 289,Lubbock,TX,79423-1131,33.52737,-101.89884,30,8:00,17:00
ToDelete - UST2429 ~ U.S. Travelers Inn & Suites ~ REPID11,2429 W Pierce St,Carlsbad,NM,88220,32.44091,-104.25858,30,8:00,17:00
ToDelete - HAM2010S ~ Hampton Inn & Suites - Dumas ~ REPID11,2010 S Dumas Ave,Dumas,TX,79029-6100,35.83979,-101.97435,30,8:00,17:00
ToDelete - DAY1701I ~ Days Inn Amarillo East ~ REPID11,1701 I-40E,Amarillo,TX,79102,35.19328,-101.81937,30,8:00,17:00
ToDelete - BES202 ~ Best Western Nursanickel ~ REPID11,102 Scott Ave,Dalhart,TX,79022,36.06474,-102.5198,30,8:00,17:00
ToDelete - LON2233 ~ Hotel Texas ~ REPID11,2233 Vine St,Colorado City,TX,79512-3246,32.41055,-100.86278,30,8:00,17:00
ToDelete - COB1318 ~ Cobblestone Suites ~ REPID11,1318 East US Hwy 67,Big Lake,TX,76932,31.19122,-101.45134,30,8:00,17:00
ToDelete - ZIA3901 ~ Zia Park Casino Hotel and Race Track ~ REPID11,3901 W Millen Dr,Hobbs,NM,88240-9106,32.75156,-103.18606,30,8:00,17:00
ToDelete - DAY2700E ~ Days Inn & Suites ~ REPID11,2700 Mabry Dr,Clovis,NM,88101-8375,34.3965,-103.17043,30,8:00,17:00
ToDelete - WES1000 ~ West Texas Inn & Suites ~ REPID11,1000 West I-20,Midland,TX,79701,31.97234,-102.07864,30,8:00,17:00
ToDelete - RAN5800 ~ Randall High school/West cafeteria - Aramark ~ REPID11,5800 Attebury Dr,Amarillo,TX,79118-5005,35.11332321,-101.8998337,30,8:00,17:00
ToDelete - BOR900 ~ Borger Ambassador Inn ~ REPID11,900 E 3rd St,Borger,TX,79007-5500,35.66709518,-101.3799591,30,8:00,17:00
ToDelete - STA36 ~ Staybridge Suites - Amarillo ~ REPID11,36 Western Plaza,Amarillo,TX,79109,35.18796158,-101.882515,30,8:00,17:00
ToDelete - BES3017 ~ Best Western - San Angelo Hotel ~ REPID11,3017 Loop 306,San Angelo,TX,76904-6435,31.43380165,-100.3734818,30,8:00,17:00
ToDelete - QUA4002S ~ Quality Inn - Pecos ~ REPID11,4002 S Cedar St,Pecos,TX,79772-8103,31.40584183,-103.4839935,30,8:00,17:00
ToDelete - RED1620 ~ Red Roof Inn-Amarillo ~ REPID11,1620 E Interstate 40,Amarillo,TX,79103-2117,35.19126511,-101.8200073,30,8:00,17:00
ToDelete - TEX1801 ~ Texan Inn ~ REPID11,1801 W Dickinson Blvd,Fort Stockton,TX,79735-4216,30.89390182,-102.8984375,30,8:00,17:00
ToDelete - ATR1305 ~ Atrium Inn - Fort Stockton ~ REPID11,1305 N US Highway 285,Fort Stockton,TX,79735-4412,30.89693,-102.9043,30,8:00,17:00
ToDelete - BES2600H ~ Best Western   Littlefield Inn & Suites ~ REPID11,2600 Hall Ave,Littlefield,TX,79339-5645,33.90103531,-102.3267059,30,8:00,17:00
ToDelete - MIC1501 ~ Microtel Inn & Suites - Amarillo ~ REPID11,1501 Ross St,Amarillo,TX,79102-4415,35.19511414,-101.816452,30,8:00,17:00
ToDelete - COM4801 ~ Comfort Suites - Odessa ~ REPID11,4801 E 50th St,Odessa,TX,79762-4901,31.89974785,-102.3371964,30,8:00,17:00
ToDelete - SLE5816 ~ Sleep Inn & Suites - Lubbock ~ REPID11,5816 34th St,Lubbock,TX,79407,33.56394958,-101.9415054,30,8:00,17:00
ToDelete - MIC4649 ~ Microtel Inn & Suites - San Angelo ~ REPID11,4649 W Houston Harte Expy,San Angelo,TX,76901-5001,31.43936348,-100.4997406,30,8:00,17:00
ToDelete - BES2000N ~ Best Western   Sally Port Inn & Suites ~ REPID11,2000 N Main St,Roswell,NM,88201-6450,33.41769028,-104.5237885,30,8:00,17:00
ToDelete - QUA2920 ~ Quality Inn - Clovis ~ REPID11,2920 Mabry Dr,Clovis,NM,88101-8373,34.39616013,-103.1664963,30,8:00,17:00
ToDelete - MID1007 ~ Midland Extended Stay ~ REPID11,1007 S Midkiff Rd,Midland,TX,79701-7131,31.9774437,-102.1106949,30,8:00,17:00
ToDelete - GRA4300 ~ Grand Texan Hotel & Conference Center ~ REPID11,4300 W Wall St,Midland,TX,79703-7722,31.97101212,-102.1261978,30,8:00,17:00
ToDelete - WHI1705 ~ Whitten Inn - Van Horn ~ REPID11,1705 West Broadway,Van Horn,TX,79855,31.0382309,-104.8503342,30,8:00,17:00
ToDelete - DAY3600 ~ Days Inn - Plainview ~ REPID11,3600 Olton Rd,Plainview,TX,79072-6608,34.18756866,-101.7473526,30,8:00,17:00
ToDelete - BES3950R ~ Best Western  Mall South ~ REPID11,3950 Ridgemont Dr,Abilene,TX,79606-2730,32.40377426,-99.76608276,30,8:00,17:00
ToDelete - BES6015 ~ Baymont Inn & Suites - Lubbock ~ REPID11,6015 45th St,Lubbock,TX,79407-3705,33.55267715,-101.9436493,30,8:00,17:00
ToDelete - TRA2035 ~ Travelodge -  Amarillo ~ REPID11,2035 Paramount Blvd,Amarillo,TX,79109-1611,35.19081879,-101.8726501,30,8:00,17:00
ToDelete - FAI4305 ~ Fairfield Inn - Clovis ~ REPID11,4305 N Prince St,Clovis,NM,88101-9711,34.44137955,-103.1958084,30,8:00,17:00
ToDelete - FAI1201 ~ Fairfield Inn - Roswell ~ REPID11,1201 N Main St,Roswell,NM,88201-5011,33.40630722,-104.5222244,30,8:00,17:00
ToDelete - GOL4387 ~ Golden Corral - San Angelo ~ REPID11,4387 Houston Pkwy,San Angelo,TX,76904,31.4514637,-100.4841156,30,8:00,17:00
ToDelete - BES1307 ~ Best Western Ozona Inn - Ozona ~ REPID11,1307 Avenue A,Ozona,TX,76943,30.70659447,-101.196434,30,8:00,17:00
ToDelete - BES601 ~ Best Western Plus Midland Suites ~ REPID11,601 E Interstate 20,Midland,TX,79701-2032,31.97501373,-102.0642166,30,8:00,17:00
ToDelete - BES810E ~ Best Western Snyder Inn - Snyder ~ REPID11,810 E Coliseum Dr,Snyder,TX,79549-6248,32.70794296,-100.8879318,30,8:00,17:00
ToDelete - HAM191 ~ Hampton Inn ~ REPID11,215 S Frontage Rd,Pecos,TX,79772,31.39627266,-103.5056152,30,8:00,17:00
ToDelete - HAM2820 ~ Hampton Inn & Suites - Pampa ~ REPID11,2820 Perryton Pkwy,Pampa,TX,79065-2818,35.56996536,-100.9640961,30,8:00,17:00
ToDelete - COM6350 ~ Comfort Inn & Suites - Abilene ~ REPID11,6350 Directors Pkwy,Abilene,TX,79606-5871,32.37184525,-99.74562073,30,8:00,17:00
ToDelete - HER2301 ~ Heritage House Inn ~ REPID11,2301 W American Blvd,Muleshoe,TX,79347-2608,34.23791122,-102.747345,30,8:00,17:00
ToDelete - HAM5420 ~ Hampton Inn & Suites - Hobbs ~ REPID11,5420 N Lovington Hwy,Hobbs,NM,88240-9103,32.76209641,-103.1806793,30,8:00,17:00
ToDelete - SUN2010 ~ Sunday House Inn ~ REPID11,2010 Hwy 90 E,Alpine,TX,79830,30.35849,-103.66101,30,8:00,17:00
ToDelete - DEN9601 ~ Denny's #8557 Restaurant - Amarillo ~ REPID11,9601 I-40 E Exit 76,Amarillo,TX,79111,35.22206116,-101.6897507,30,8:00,17:00
ToDelete - HIL5221 ~ Hilton Garden Inn - Odessa ~ REPID11,5221 John Ben Shepperd Pkwy,Odessa,TX,79762-4869,31.90381813,-102.3381042,30,8:00,17:00
ToDelete - UNISOUTHPLAINS ~ South Plains College - Leveland Great Western Dining ~ REPID11,1400 College Dr,Levelland,TX,79336,33.57851791,-102.3677979,30,8:00,17:00
ToDelete - COU2000S ~ Country Inn & Suites - Amarillo ~ REPID11,2000 S Soncy Rd,Amarillo,TX,79124-2396,35.19089127,-101.9390259,30,8:00,17:00
ToDelete - HAM120 ~ Hampton Inn & Suites - Carlsbad ~ REPID11,120 Esperanza,Carlsbad,NM,88220-6536,32.3958,-104.22307,30,8:00,17:00
ToDelete - DEN101 ~ Denny's - Tye ~ REPID11,101 FM 707,Tye,TX,79563,32.45746,-99.8715,30,8:00,17:00
ToDelete - SUP2833 ~ Super 8 - Odessa ~ REPID11,2833 East I-20,Odessa,TX,79766,31.81489,-102.39695,30,8:00,17:00
ToDelete - DAY2701SO ~ Days Inn - Big Spring ~ REPID11,2701 S Gregg St,Big Spring,TX,79720-6543,32.22726822,-101.4696732,30,8:00,17:00
ToDelete - BAY3901 ~ Baymont Inn & Suites - Lubbock ~ REPID11,3901 19th St,Lubbock,TX,79410-1002,33.5772,-101.898,30,8:00,17:00
ToDelete - HOM5320 ~ Homewood Suites - Lubbock ~ REPID11,5320 W Loop 289,Lubbock,TX,79424-1142,33.54375,-101.93667,30,8:00,17:00
ToDelete - HAM1415 ~ Hampton Inn & Suites - Borger ~ REPID11,1415 W Wilson St,Borger,TX,79007-4403,35.65848,-101.40881,30,8:00,17:00
ToDelete - DAY2501I ~ Days Inn - Eastland ~ REPID11,2501 I-20 East,Eastland,TX,76448,32.39883,-98.78938,30,8:00,17:00
ToDelete - EXE2100 ~ Executive Inn - Amarillo ~ REPID11,2100 S Coulter St,Amarillo,TX,79106-2514,35.19037,-101.92107,30,8:00,17:00
ToDelete - LAQ4122F ~ La Quinta Inn & Suites - Odessa ~ REPID11,4122 Faudree Rd,Odessa,TX,79765-8511,31.9184,-102.28818,30,8:00,17:00
ToDelete - OVE2322 ~ Overton Hotel & Conference ~ REPID11,2322 Mac Davis Ln,Lubbock,TX,79401-2219,33.59103,-101.86777,30,8:00,17:00
ToDelete - ROD1110 ~ Rodeway Inn - Dalhart ~ REPID11,1110 Liberal St,Dalhart,TX,79022-2900,36.06958,-102.51346,30,8:00,17:00
ToDelete - QUI200 ~ Quiet Inn ~ REPID11,200 Cedar St,Canadian,TX,79014-3062,35.90257,-100.3903,30,8:00,17:00
ToDelete - SLE5612 ~ Sleep Inn - Midland ~ REPID11,5612 Deauville Blvd,Midland,TX,79706,31.99233,-102.15616,30,8:00,17:00
ToDelete - SUP2103 ~ Super 8 - Amarillo ~ REPID11,2103 S Lake View,Amarillo,TX,79109,35.19037,-101.87437,30,8:00,17:00
ToDelete - BES303 ~ Best Western   Oasis Inn ~ REPID11,303 S 2nd St,Canadian,TX,79014-2505,35.91283,-100.3867,30,8:00,17:00
ToDelete - BES2205NM ~ Best Western El Rancho ~ REPID11,2205 N Main St,Roswell,NM,88201-6458,33.41891,-104.52264,30,8:00,17:00
ToDelete - SUP3575 ~ Super 8 - Roswell ~ REPID11,3575 N Main St,Roswell,NM,88201-9771,33.44028,-104.52252,30,8:00,17:00
ToDelete - FOR2201 ~ Fort Davis Inn ~ REPID11,2201 N State St,Fort Davis,TX,79734,30.59982,-103.88623,30,8:00,17:00
ToDelete - SLE6915 ~ Sleep Inn - Amarillo ~ REPID11,"6915 Interstate 40, Exit 65",Amarillo,TX,79106,35.20189,-101.89487,30,8:00,17:00
ToDelete - LAQ103M ~ La Quinta - Brownwood ~ REPID11,103 Market Place Blvd,Brownwood,TX,76801-1657,31.73007,-98.97881,30,8:00,17:00
ToDelete - STA1910 ~ Staybridge Suites - Houston ~ REPID12,1910 N Sam Houston Parkway,Houston,TX,77032,29.93738,-95.35957,30,8:00,17:00
ToDelete - SUP5655 ~ Super 8 - Houston ~ REPID12,5655 W 34th St,Houston,TX,77092-6509,29.81877,-95.47211,30,8:00,17:00
ToDelete - AME6302 ~ Comfort Inn & Suites Galveston ~ REPID12,6302 Seawall Blvd,Galveston,TX,77551-2029,29.26591,-94.82878,30,8:00,17:00
ToDelete - SUP10130 ~ Super 8 - Houston ~ REPID12,10130 Almeda Genoa Road,Houston,TX,77075,29.62718,-95.23541,30,8:00,17:00
ToDelete - LAQ721 ~ La Quinta  - Brookshire ~ REPID12,721 FM 1489 Rd,Brookshire,TX,77423-8802,29.78606,-95.95107,30,8:00,17:00
ToDelete - BLA5512 ~ Black walnut Cafe -Memorial ~ REPID12,5512 Memorial Dr,Houston,TX,77007-8002,29.76188,-95.41804,30,8:00,17:00
ToDelete - SUP415 ~ Super 8 - Brookshire ~ REPID12,415 FM 359 Rd S,Brookshire,TX,77423-9004,29.77624,-95.95084,30,8:00,17:00
ToDelete - UNISBISA ~ Texas A&M - SBISA ~ REPID12,1600 Tamu,College Station,TX,77843,30.61846,-96.3364,30,8:00,17:00
ToDelete - HAM3312V ~ Hampton Inn & Suites-Rosenburg ~ REPID12,3312 Vista Dr,Rosenberg,TX,77471-2564,29.54751,-95.75957,30,8:00,17:00
ToDelete - DOS435 ~ Dosey Doe - Conroe ~ REPID12,463 FM 1488 Rd,Conroe,TX,77384-3985,30.23561,-95.46491,30,8:00,17:00
ToDelete - SLE5451 ~ Sleep Inn & Suites - Houston NW ~ REPID12,5451 Northwest Central,Houston,TX,77092,29.84505,-95.49538,30,8:00,17:00
ToDelete - BIR500 ~ Birra Porettis ~ REPID12,500 Louisiana St,Houston,TX,77002-1625,29.76235,-95.36497,30,8:00,17:00
ToDelete - HIL750 ~ Hilton Garden Inn-Clear Lake ~ REPID12,750 W Texas Ave,Webster,TX,77598-3259,29.54688,-95.1365,30,8:00,17:00
ToDelete - DOS8021 ~ Dosey Doe - Alden Bridge ~ REPID12,8021 Research Forest Dr Ste F,The Woodlands,TX,77382-1488,30.20834,-95.52918,30,8:00,17:00
ToDelete - AVA8823 ~ Avalon Diner - Houston ~ REPID12,8823 Katy Fwy,Houston,TX,77024-1603,29.78323,-95.50723,30,8:00,17:00
ToDelete - ROY2910 ~ Royal Oaks Country Club ~ REPID12,2910 Royal Oaks Club Dr,Houston,TX,77082-6855,29.7291851,-95.58556366,30,8:00,17:00
ToDelete - CHU2055 ~ Churrascos ~ REPID12,2055 Westheimer Rd,Houston,TX,77098-1598,29.74243355,-95.40908813,30,8:00,17:00
ToDelete - EGG9778 ~ The Egg & I - Houston ~ REPID12,9778 Katy Fwy Ste 600,Houston,TX,77055-6224,29.7856,-95.53744,30,8:00,17:00
ToDelete - LUB125 ~ Luby's - Lake Jackson ~ REPID12,125 W Way St,Lake Jackson,TX,77566-5224,29.04374,-95.45238,30,8:00,17:00
ToDelete - HUB4526 ~ Hubbel & Hudson Kitchen ~ REPID12,4526 Research Forest Dr,The Woodlands,TX,77381-4080,30.18441963,-95.48548889,30,8:00,17:00
ToDelete - HOU4400 ~ Houston Independant School District ~ REPID12,4400 W 18th St,Houston,TX,77092-8501,29.80254555,-95.45426178,30,8:00,17:00
ToDelete - HAM2320G ~ Hampton Inn & Suites - League City ~ REPID12,2320 Gulf Fwy S,League City,TX,77573-6738,29.47518,-95.09692,30,8:00,17:00
ToDelete - DEN2890 ~ Denny's - Bryan ~ REPID12,2890 N Harvey Mitchell Pkwy,Bryan,TX,77807-1007,30.72552299,-96.4254303,30,8:00,17:00
ToDelete - DEN204S ~ Denny's #8615 - Brookshire ~ REPID12,204 Waller Ave,Brookshire,TX,77423-9440,29.78064919,-95.95248413,30,8:00,17:00
ToDelete - SLE222 ~ Sleep Inn Air Tex - Houston ~ REPID12,222 Air Tex Dr,Houston,TX,77092,29.98221,-95.42747,30,8:00,17:00
ToDelete - LAQ2451 ~ La Quinta Inn & Suites - Houston ~ REPID12,2451 Shadow View Ln,Houston,TX,77077-7001,29.73768806,-95.60012054,30,8:00,17:00
ToDelete - RED15675 ~ Red Roof Inn - Houston ~ REPID12,15675 John F Kennedy Blvd,Houston,TX,77032-2313,29.94487953,-95.33255005,30,8:00,17:00
ToDelete - HYA425 ~ Hyatt North Houston ~ REPID12,425 N Sam Houston Pkwy E,Houston,TX,77060-3507,29.93999,-95.39602,30,8:00,17:00
ToDelete - EGG9099 ~ The Egg & I - Houston ~ REPID12,9099 Westheimer Rd Ste M,Houston,TX,77063-3620,29.73641586,-95.52455902,30,8:00,17:00
ToDelete - LAQ5719 ~ La Quinta Inn - Missouri City ~ REPID12,5719 Highway 6,Missouri City,TX,77459-4094,29.57096291,-95.56729126,30,8:00,17:00
ToDelete - CAT3950 ~ Cat Cora Restaurant ~ REPID12,3950 S Terminal Rd,Houston,TX,77032,29.98568344,-95.33594513,30,8:00,17:00
ToDelete - KIN205 ~ Kindred Hospital Spring ~ REPID12,205 Hollow Tree Ln,Houston,TX,77090-2801,30.0252285,-95.43592072,30,8:00,17:00
ToDelete - QUA150O ~ Quality Inn & Suites I-45 North ~ REPID12,150 Overland Trl,Houston,TX,77090-4054,30.01755333,-95.43031311,30,8:00,17:00
ToDelete - SUP16222 ~ Super 8 - FM1960 ~ REPID12,16222 North Freeway,Houston,TX,77090,30.00380325,-95.42549896,30,8:00,17:00
ToDelete - THE812 ~ Theo's Restaurant ~ REPID12,812 Westheimer Rd,Houston,TX,77006-3918,29.74498749,-95.39029694,30,8:00,17:00
ToDelete - DEN6711W ~ Denny's - Houston ~ REPID12,6711 W Sam Houston Pkwy S,Houston,TX,77072-1615,29.70357,-95.5563,30,8:00,17:00
ToDelete - GOL20170 ~ Golden Corral - Spring ~ REPID12,20170 Interstate 45,Spring,TX,77373-2935,30.120121,-95.44080353,30,8:00,17:00
ToDelete - BUD1259 ~ Budgetel Inn & Suites ~ REPID12,1259 N Market St,Hearne,TX,77859-3799,30.89396095,-96.60115814,30,8:00,17:00
ToDelete - KNI104 ~ Knights Inn - College Station ~ REPID12,104 Texas Ave S,College Station,TX,77840-1535,30.62969398,-96.33826447,30,8:00,17:00
ToDelete - SUP24903I ~ Super 8 - Spring ~ REPID12,24903 Interstate 45 N,Spring,TX,77380,30.1519928,-95.44848633,30,8:00,17:00
ToDelete - BLA23233 ~ Black Walnut Cafe -Cinco Ranch ~ REPID12,23233 Cinco Ranch Blvd,Katy,TX,77494-2923,29.74339485,-95.77110291,30,8:00,17:00
ToDelete - ROD4760S ~ Rodeway Inn - Houston ~ REPID12,4760 Sherwood Ln,Houston,TX,77092-3807,29.81477165,-95.46104431,30,8:00,17:00
ToDelete - AME21W ~ Americas Woodlands ~ REPID12,21 Waterway Avenue St 130,The Woodlands,TX,77380,30.16049,-95.45625,30,8:00,17:00
ToDelete - CUE10423 ~ Cue's Burgers and More ~ REPID12,10423 S Post Oak Rd,Houston,TX,77035-3303,29.66854,-95.46189,30,8:00,17:00
ToDelete - HIL6633T ~ Hilton Med Center ~ REPID12,6633 Travis St,Houston,TX,77030-1308,29.7099,-95.40327,30,8:00,17:00
ToDelete - NUM7809 ~ Number 13 Steak House ~ REPID12,7809 Broadway St,Galveston,TX,77554-9103,29.28501,-94.85752,30,8:00,17:00
ToDelete - BRI12910 ~ Brick House Tavern #202 ~ REPID12,NULL,Houston,TX,77040-6304,29.84457,-95.49572,30,8:00,17:00
ToDelete - COU2818 ~ Country Inn & Suites - Galveston ~ REPID12,2818 Avenue R 1/2,Galveston,TX,77550-7742,29.28631,-94.79451,30,8:00,17:00
ToDelete - HOM20985 ~ Home2 Suites ~ REPID12,20985 Katy Fwy,Katy,TX,77450-2249,29.78507,-95.756,30,8:00,17:00
ToDelete - HOT1632 ~ Hotel Texas - Hallettsville ~ REPID12,1632 N Texana St,Hallettsville,TX,77964-4580,29.4638,-96.93938,30,8:00,17:00
ToDelete - QUA11206 ~ America's Best Value Inn Stafford ~ REPID12,11206 W Airport Blvd,Stafford,TX,77477-3000,29.64251,-95.57233,30,8:00,17:00
ToDelete - HAM22055 ~ Hampton Inn & Suites - Katy ~ REPID12,22055 Katy Fwy,Katy,TX,77450-1739,29.78355,-95.75411,30,8:00,17:00
ToDelete - COM11230 ~ Comfort Inn & Suites - Houston ~ REPID12,11230 Southwest Fwy,Houston,TX,77031-3604,29.65597,-95.5648,30,8:00,17:00
ToDelete - HAM320T ~ Hampton Inn & Suites - College Station ~ REPID12,320 Texas Ave S,College Station,TX,77840-1722,30.62865,-96.33704,30,8:00,17:00
ToDelete - HIL801U ~ Hilton Hotel - College Station ~ REPID12,801 University Dr,College Station,TX,77840-1431,30.62215,-96.34196,30,8:00,17:00
ToDelete - DAY2514 ~ Days Inn - College Station ~ REPID12,2514 Texas Ave S,College Station,TX,77840-5038,30.60549,-96.30833,30,8:00,17:00
ToDelete - HAM14100 ~ Hampton Inn & Suites - Tomball ~ REPID12,14100 Medical Complex Dr,Tomball,TX,77377-6247,30.08481,-95.63413,30,8:00,17:00
ToDelete - HIL2409 ~ Hilton Garden Inn - Katy ~ REPID12,2409 Texmati Dr,Katy,TX,77494-1710,29.78579,-95.82439,30,8:00,17:00
ToDelete - COU1010 ~ Country Inn & Suites - College Station ~ REPID12,1010 Southwest Pkwy E,College Station,TX,77840-4148,30.61743,-96.29649,30,8:00,17:00
